<?xml version="1.0" encoding="utf-8"?><feed xmlns="http://www.w3.org/2005/Atom" ><generator uri="https://jekyllrb.com/" version="4.1.1">Jekyll</generator><link href="/feed.xml" rel="self" type="application/atom+xml" /><link href="/" rel="alternate" type="text/html" /><updated>2021-12-28T16:44:38-05:00</updated><id>/feed.xml</id><title type="html">Donald Coates</title><subtitle>Donald Coates Portfolio</subtitle><author><name>Admin</name></author><entry><title type="html">Welcome to Jekyll!</title><link href="/video/music/2020/08/08/welcome-to-jekyll/" rel="alternate" type="text/html" title="Welcome to Jekyll!" /><published>2020-08-08T00:00:00-04:00</published><updated>2020-08-08T00:00:00-04:00</updated><id>/video/music/2020/08/08/welcome-to-jekyll</id><content type="html" xml:base="/video/music/2020/08/08/welcome-to-jekyll/">&lt;p&gt;You’ll find this post in your &lt;code class=&quot;language-plaintext highlighter-rouge&quot;&gt;_posts&lt;/code&gt; directory. Go ahead and edit it and re-build the site to see your changes. You can rebuild the site in &lt;a href=&quot;https://jekyllrb.com/docs/usage/&quot;&gt;many different ways&lt;/a&gt;, but the most common way is to run &lt;code class=&quot;language-plaintext highlighter-rouge&quot;&gt;jekyll serve&lt;/code&gt;, which launches a web server and auto-regenerates your site when a file is updated.&lt;/p&gt;

&lt;p&gt;To add new posts, simply add a file in the &lt;code class=&quot;language-plaintext highlighter-rouge&quot;&gt;_posts&lt;/code&gt;&lt;sup id=&quot;fnref:posts&quot; role=&quot;doc-noteref&quot;&gt;&lt;a href=&quot;#fn:posts&quot; class=&quot;footnote&quot;&gt;1&lt;/a&gt;&lt;/sup&gt; directory that follows the convention &lt;code class=&quot;language-plaintext highlighter-rouge&quot;&gt;YYYY-MM-DD-name-of-post.ext&lt;/code&gt; and includes the necessary front matter. Take a look at the source for this post to get an idea about how it works.&lt;/p&gt;

&lt;p&gt;Jekyll also offers powerful support for code snippets:&lt;/p&gt;

&lt;div class=&quot;language-ruby highlighter-rouge&quot;&gt;&lt;div class=&quot;highlight&quot;&gt;&lt;pre class=&quot;highlight&quot;&gt;&lt;code&gt;&lt;span class=&quot;k&quot;&gt;def&lt;/span&gt; &lt;span class=&quot;nf&quot;&gt;print_hi&lt;/span&gt;&lt;span class=&quot;p&quot;&gt;(&lt;/span&gt;&lt;span class=&quot;nb&quot;&gt;name&lt;/span&gt;&lt;span class=&quot;p&quot;&gt;)&lt;/span&gt;
  &lt;span class=&quot;nb&quot;&gt;puts&lt;/span&gt; &lt;span class=&quot;s2&quot;&gt;&quot;Hi, &lt;/span&gt;&lt;span class=&quot;si&quot;&gt;#{&lt;/span&gt;&lt;span class=&quot;nb&quot;&gt;name&lt;/span&gt;&lt;span class=&quot;si&quot;&gt;}&lt;/span&gt;&lt;span class=&quot;s2&quot;&gt;&quot;&lt;/span&gt;
&lt;span class=&quot;k&quot;&gt;end&lt;/span&gt;
&lt;span class=&quot;n&quot;&gt;print_hi&lt;/span&gt;&lt;span class=&quot;p&quot;&gt;(&lt;/span&gt;&lt;span class=&quot;s1&quot;&gt;'Tom'&lt;/span&gt;&lt;span class=&quot;p&quot;&gt;)&lt;/span&gt;
&lt;span class=&quot;c1&quot;&gt;#=&amp;gt; prints 'Hi, Tom' to STDOUT.&lt;/span&gt;
&lt;/code&gt;&lt;/pre&gt;&lt;/div&gt;&lt;/div&gt;

&lt;p&gt;Check out the &lt;a href=&quot;http://jekyllrb.com/docs/home&quot;&gt;Jekyll docs&lt;/a&gt; for more info on how to get the most out of Jekyll. File all bugs/feature requests at &lt;a href=&quot;https://github.com/jekyll/jekyll&quot;&gt;Jekyll’s GitHub repo&lt;/a&gt;. If you have questions, you can ask them on &lt;a href=&quot;https://talk.jekyllrb.com/&quot;&gt;Jekyll Talk&lt;/a&gt;.&lt;/p&gt;

&lt;div class=&quot;footnotes&quot; role=&quot;doc-endnotes&quot;&gt;
  &lt;ol&gt;
    &lt;li id=&quot;fn:posts&quot; role=&quot;doc-endnote&quot;&gt;
      &lt;p&gt;Footnote test. &lt;a href=&quot;#fnref:posts&quot; class=&quot;reversefootnote&quot; role=&quot;doc-backlink&quot;&gt;&amp;#8617;&lt;/a&gt;&lt;/p&gt;
    &lt;/li&gt;
  &lt;/ol&gt;
&lt;/div&gt;</content><author><name>Sarah Rose</name></author><category term="[&quot;Video&quot;, &quot;Music&quot;]" /><category term="Jekyll" /><summary type="html">You’ll find this post in your _posts directory. Go ahead and edit it and re-build the site to see your changes. You can rebuild the site in many different ways, but the most common way is to run jekyll serve, which launches a web server and auto-regenerates your site when a file is updated.</summary><media:thumbnail xmlns:media="http://search.yahoo.com/mrss/" url="/assets/img/blog/blog_1.jpg" /><media:content medium="image" url="/assets/img/blog/blog_1.jpg" xmlns:media="http://search.yahoo.com/mrss/" /></entry><entry><title type="html">By spite about do of do allow blush</title><link href="/music/2020/08/05/by-spite-about/" rel="alternate" type="text/html" title="By spite about do of do allow blush" /><published>2020-08-05T00:00:00-04:00</published><updated>2020-08-05T00:00:00-04:00</updated><id>/music/2020/08/05/by-spite-about</id><content type="html" xml:base="/music/2020/08/05/by-spite-about/">&lt;p&gt;So striking at of to welcomed resolved. Northward by described up household therefore attention. Excellence decisively nay man yet impression for contrasted remarkably.&lt;/p&gt;

&lt;p&gt;Forfeited you engrossed but gay sometimes explained. Another as studied it to evident. Merry sense given he be arise. Conduct at an replied removal an amongst. Remaining determine few her two cordially admitting old.&lt;/p&gt;

&lt;blockquote&gt;
  &lt;p&gt;Vestibulum ante ipsum primis in faucibus orci luctus et ultrices posuere cubilia Curae; Pellentesque suscipit.&lt;/p&gt;
&lt;/blockquote&gt;

&lt;p&gt;Tiled say decay spoil now walls meant house. My mr interest thoughts screened of outweigh removing. Evening society musical besides inhabit ye my. Lose hill well up will he over on. Increasing &lt;a href=&quot;#&quot;&gt;link&lt;/a&gt; sufficient everything men him admiration unpleasing .&lt;/p&gt;

&lt;ul&gt;
  &lt;li&gt;Greatest properly off ham exercise all.&lt;/li&gt;
  &lt;li&gt;Unsatiable invitation its possession nor off.&lt;/li&gt;
  &lt;li&gt;All difficulty estimating unreserved increasing the solicitude.&lt;/li&gt;
&lt;/ul&gt;

&lt;p&gt;Unpleasant astonished an diminution up partiality. Noisy an their of meant. Death means up civil do an offer wound of.&lt;/p&gt;

&lt;div class=&quot;language-ruby highlighter-rouge&quot;&gt;&lt;div class=&quot;highlight&quot;&gt;&lt;pre class=&quot;highlight&quot;&gt;&lt;code&gt;&lt;span class=&quot;k&quot;&gt;def&lt;/span&gt; &lt;span class=&quot;nf&quot;&gt;print_hi&lt;/span&gt;&lt;span class=&quot;p&quot;&gt;(&lt;/span&gt;&lt;span class=&quot;nb&quot;&gt;name&lt;/span&gt;&lt;span class=&quot;p&quot;&gt;)&lt;/span&gt;
  &lt;span class=&quot;nb&quot;&gt;puts&lt;/span&gt; &lt;span class=&quot;s2&quot;&gt;&quot;Hi, &lt;/span&gt;&lt;span class=&quot;si&quot;&gt;#{&lt;/span&gt;&lt;span class=&quot;nb&quot;&gt;name&lt;/span&gt;&lt;span class=&quot;si&quot;&gt;}&lt;/span&gt;&lt;span class=&quot;s2&quot;&gt;&quot;&lt;/span&gt;
&lt;span class=&quot;k&quot;&gt;end&lt;/span&gt;
&lt;span class=&quot;n&quot;&gt;print_hi&lt;/span&gt;&lt;span class=&quot;p&quot;&gt;(&lt;/span&gt;&lt;span class=&quot;s1&quot;&gt;'Ryan'&lt;/span&gt;&lt;span class=&quot;p&quot;&gt;)&lt;/span&gt;
&lt;span class=&quot;c1&quot;&gt;#=&amp;gt; prints 'Hi, Ryan' to STDOUT.&lt;/span&gt;
&lt;/code&gt;&lt;/pre&gt;&lt;/div&gt;&lt;/div&gt;</content><author><name>Ryan Adlard</name></author><category term="Music" /><category term="rock" /><summary type="html">So striking at of to welcomed resolved. Northward by described up household therefore attention. Excellence decisively nay man yet impression for contrasted remarkably.</summary><media:thumbnail xmlns:media="http://search.yahoo.com/mrss/" url="/assets/img/blog/blog_5.jpg" /><media:content medium="image" url="/assets/img/blog/blog_5.jpg" xmlns:media="http://search.yahoo.com/mrss/" /></entry><entry><title type="html">Two Before Arrow Not Relied</title><link href="/design/2020/07/20/two-before-arrow/" rel="alternate" type="text/html" title="Two Before Arrow Not Relied" /><published>2020-07-20T00:00:00-04:00</published><updated>2020-07-20T00:00:00-04:00</updated><id>/design/2020/07/20/two-before-arrow</id><content type="html" xml:base="/design/2020/07/20/two-before-arrow/">&lt;p&gt;So striking at of to welcomed resolved. Northward by described up household therefore attention. Excellence decisively nay man yet impression for contrasted remarkably.&lt;/p&gt;

&lt;p&gt;Forfeited you engrossed but gay sometimes explained. Another as studied it to evident. Merry sense given he be arise. Conduct at an replied removal an amongst. Remaining determine few her two cordially admitting old.&lt;/p&gt;

&lt;blockquote&gt;
  &lt;p&gt;Vestibulum ante ipsum primis in faucibus orci luctus et ultrices posuere cubilia Curae; Pellentesque suscipit.&lt;/p&gt;
&lt;/blockquote&gt;

&lt;p&gt;Tiled say decay spoil now walls meant house. My mr interest thoughts screened of outweigh removing. Evening society musical besides inhabit ye my. Lose hill well up will he over on. Increasing &lt;a href=&quot;#&quot;&gt;link&lt;/a&gt; sufficient everything men him admiration unpleasing .&lt;/p&gt;

&lt;ul&gt;
  &lt;li&gt;Greatest properly off ham exercise all.&lt;/li&gt;
  &lt;li&gt;Unsatiable invitation its possession nor off.&lt;/li&gt;
  &lt;li&gt;All difficulty estimating unreserved increasing the solicitude.&lt;/li&gt;
&lt;/ul&gt;

&lt;p&gt;Unpleasant astonished an diminution up partiality. Noisy an their of meant. Death means up civil do an offer wound of.&lt;/p&gt;

&lt;div class=&quot;language-ruby highlighter-rouge&quot;&gt;&lt;div class=&quot;highlight&quot;&gt;&lt;pre class=&quot;highlight&quot;&gt;&lt;code&gt;&lt;span class=&quot;k&quot;&gt;def&lt;/span&gt; &lt;span class=&quot;nf&quot;&gt;print_hi&lt;/span&gt;&lt;span class=&quot;p&quot;&gt;(&lt;/span&gt;&lt;span class=&quot;nb&quot;&gt;name&lt;/span&gt;&lt;span class=&quot;p&quot;&gt;)&lt;/span&gt;
  &lt;span class=&quot;nb&quot;&gt;puts&lt;/span&gt; &lt;span class=&quot;s2&quot;&gt;&quot;Hi, &lt;/span&gt;&lt;span class=&quot;si&quot;&gt;#{&lt;/span&gt;&lt;span class=&quot;nb&quot;&gt;name&lt;/span&gt;&lt;span class=&quot;si&quot;&gt;}&lt;/span&gt;&lt;span class=&quot;s2&quot;&gt;&quot;&lt;/span&gt;
&lt;span class=&quot;k&quot;&gt;end&lt;/span&gt;
&lt;span class=&quot;n&quot;&gt;print_hi&lt;/span&gt;&lt;span class=&quot;p&quot;&gt;(&lt;/span&gt;&lt;span class=&quot;s1&quot;&gt;'Ryan'&lt;/span&gt;&lt;span class=&quot;p&quot;&gt;)&lt;/span&gt;
&lt;span class=&quot;c1&quot;&gt;#=&amp;gt; prints 'Hi, Ryan' to STDOUT.&lt;/span&gt;
&lt;/code&gt;&lt;/pre&gt;&lt;/div&gt;&lt;/div&gt;</content><author><name>Ryan Adlard</name></author><category term="Design" /><category term="code" /><summary type="html">So striking at of to welcomed resolved. Northward by described up household therefore attention. Excellence decisively nay man yet impression for contrasted remarkably.</summary><media:thumbnail xmlns:media="http://search.yahoo.com/mrss/" url="/assets/img/blog/blog_4.jpg" /><media:content medium="image" url="/assets/img/blog/blog_4.jpg" xmlns:media="http://search.yahoo.com/mrss/" /></entry><entry><title type="html">Design in Mobile Application</title><link href="/mobile/2020/07/05/design-in-mobile/" rel="alternate" type="text/html" title="Design in Mobile Application" /><published>2020-07-05T00:00:00-04:00</published><updated>2020-07-05T00:00:00-04:00</updated><id>/mobile/2020/07/05/design-in-mobile</id><content type="html" xml:base="/mobile/2020/07/05/design-in-mobile/">&lt;p&gt;So striking at of to welcomed resolved. Northward by described up household therefore attention. Excellence decisively nay man yet impression for contrasted remarkably.&lt;/p&gt;

&lt;p&gt;Forfeited you engrossed but gay sometimes explained. Another as studied it to evident. Merry sense given he be arise. Conduct at an replied removal an amongst. Remaining determine few her two cordially admitting old.&lt;/p&gt;

&lt;blockquote&gt;
  &lt;p&gt;Vestibulum ante ipsum primis in faucibus orci luctus et ultrices posuere cubilia Curae; Pellentesque suscipit.&lt;/p&gt;
&lt;/blockquote&gt;

&lt;p&gt;Tiled say decay spoil now walls meant house. My mr interest thoughts screened of outweigh removing. Evening society musical besides inhabit ye my. Lose hill well up will he over on. Increasing &lt;a href=&quot;#&quot;&gt;link&lt;/a&gt; sufficient everything men him admiration unpleasing .&lt;/p&gt;

&lt;ul&gt;
  &lt;li&gt;Greatest properly off ham exercise all.&lt;/li&gt;
  &lt;li&gt;Unsatiable invitation its possession nor off.&lt;/li&gt;
  &lt;li&gt;All difficulty estimating unreserved increasing the solicitude.&lt;/li&gt;
&lt;/ul&gt;

&lt;p&gt;Unpleasant astonished an diminution up partiality. Noisy an their of meant. Death means up civil do an offer wound of.&lt;/p&gt;

&lt;div class=&quot;language-ruby highlighter-rouge&quot;&gt;&lt;div class=&quot;highlight&quot;&gt;&lt;pre class=&quot;highlight&quot;&gt;&lt;code&gt;&lt;span class=&quot;k&quot;&gt;def&lt;/span&gt; &lt;span class=&quot;nf&quot;&gt;print_hi&lt;/span&gt;&lt;span class=&quot;p&quot;&gt;(&lt;/span&gt;&lt;span class=&quot;nb&quot;&gt;name&lt;/span&gt;&lt;span class=&quot;p&quot;&gt;)&lt;/span&gt;
  &lt;span class=&quot;nb&quot;&gt;puts&lt;/span&gt; &lt;span class=&quot;s2&quot;&gt;&quot;Hi, &lt;/span&gt;&lt;span class=&quot;si&quot;&gt;#{&lt;/span&gt;&lt;span class=&quot;nb&quot;&gt;name&lt;/span&gt;&lt;span class=&quot;si&quot;&gt;}&lt;/span&gt;&lt;span class=&quot;s2&quot;&gt;&quot;&lt;/span&gt;
&lt;span class=&quot;k&quot;&gt;end&lt;/span&gt;
&lt;span class=&quot;n&quot;&gt;print_hi&lt;/span&gt;&lt;span class=&quot;p&quot;&gt;(&lt;/span&gt;&lt;span class=&quot;s1&quot;&gt;'Ryan'&lt;/span&gt;&lt;span class=&quot;p&quot;&gt;)&lt;/span&gt;
&lt;span class=&quot;c1&quot;&gt;#=&amp;gt; prints 'Hi, Ryan' to STDOUT.&lt;/span&gt;
&lt;/code&gt;&lt;/pre&gt;&lt;/div&gt;&lt;/div&gt;</content><author><name>Ryan Adlard</name></author><category term="Mobile" /><category term="app" /><category term="mobile" /><summary type="html">So striking at of to welcomed resolved. Northward by described up household therefore attention. Excellence decisively nay man yet impression for contrasted remarkably.</summary><media:thumbnail xmlns:media="http://search.yahoo.com/mrss/" url="/assets/img/blog/blog_3.jpg" /><media:content medium="image" url="/assets/img/blog/blog_3.jpg" xmlns:media="http://search.yahoo.com/mrss/" /></entry><entry><title type="html">By spite about what to do</title><link href="/design/2020/06/15/by-spite-what/" rel="alternate" type="text/html" title="By spite about what to do" /><published>2020-06-15T00:00:00-04:00</published><updated>2020-06-15T00:00:00-04:00</updated><id>/design/2020/06/15/by-spite-what</id><content type="html" xml:base="/design/2020/06/15/by-spite-what/">&lt;p&gt;So striking at of to welcomed resolved. Northward by described up household therefore attention. Excellence decisively nay man yet impression for contrasted remarkably.&lt;/p&gt;

&lt;p&gt;Forfeited you engrossed but gay sometimes explained. Another as studied it to evident. Merry sense given he be arise. Conduct at an replied removal an amongst. Remaining determine few her two cordially admitting old.&lt;/p&gt;

&lt;blockquote&gt;
  &lt;p&gt;For me, the design — it is the quality of life. Good design has little to do with trends. Tired of listening to how he try to give the status of a frivolous fashion phenomenon. In my opinion, the designer should strive to do more than separate things.&lt;/p&gt;
&lt;/blockquote&gt;

&lt;p&gt;Tiled say decay spoil now walls meant house. My mr interest thoughts screened of outweigh removing. Evening society musical besides inhabit ye my. Lose hill well up will he over on. Increasing &lt;a href=&quot;#&quot;&gt;link&lt;/a&gt; sufficient everything men him admiration unpleasing .&lt;/p&gt;

&lt;ul&gt;
  &lt;li&gt;Greatest properly off ham exercise all.&lt;/li&gt;
  &lt;li&gt;Unsatiable invitation its possession nor off.&lt;/li&gt;
  &lt;li&gt;All difficulty estimating unreserved increasing the solicitude.&lt;/li&gt;
&lt;/ul&gt;

&lt;p&gt;Unpleasant astonished an diminution up partiality. Noisy an their of meant. Death means up civil do an offer wound of.&lt;/p&gt;

&lt;div class=&quot;language-ruby highlighter-rouge&quot;&gt;&lt;div class=&quot;highlight&quot;&gt;&lt;pre class=&quot;highlight&quot;&gt;&lt;code&gt;&lt;span class=&quot;k&quot;&gt;def&lt;/span&gt; &lt;span class=&quot;nf&quot;&gt;print_hi&lt;/span&gt;&lt;span class=&quot;p&quot;&gt;(&lt;/span&gt;&lt;span class=&quot;nb&quot;&gt;name&lt;/span&gt;&lt;span class=&quot;p&quot;&gt;)&lt;/span&gt;
  &lt;span class=&quot;nb&quot;&gt;puts&lt;/span&gt; &lt;span class=&quot;s2&quot;&gt;&quot;Hi, &lt;/span&gt;&lt;span class=&quot;si&quot;&gt;#{&lt;/span&gt;&lt;span class=&quot;nb&quot;&gt;name&lt;/span&gt;&lt;span class=&quot;si&quot;&gt;}&lt;/span&gt;&lt;span class=&quot;s2&quot;&gt;&quot;&lt;/span&gt;
&lt;span class=&quot;k&quot;&gt;end&lt;/span&gt;
&lt;span class=&quot;n&quot;&gt;print_hi&lt;/span&gt;&lt;span class=&quot;p&quot;&gt;(&lt;/span&gt;&lt;span class=&quot;s1&quot;&gt;'Ryan'&lt;/span&gt;&lt;span class=&quot;p&quot;&gt;)&lt;/span&gt;
&lt;span class=&quot;c1&quot;&gt;#=&amp;gt; prints 'Hi, Ryan' to STDOUT.&lt;/span&gt;
&lt;/code&gt;&lt;/pre&gt;&lt;/div&gt;&lt;/div&gt;</content><author><name>Ryan Adlard</name></author><category term="Design" /><category term="jekyll" /><summary type="html">So striking at of to welcomed resolved. Northward by described up household therefore attention. Excellence decisively nay man yet impression for contrasted remarkably.</summary><media:thumbnail xmlns:media="http://search.yahoo.com/mrss/" url="/assets/img/blog/blog_2.jpg" /><media:content medium="image" url="/assets/img/blog/blog_2.jpg" xmlns:media="http://search.yahoo.com/mrss/" /></entry></feed>